epoch,dice_metric,loss,mean_IOU_gpu,val_dice_metric,val_loss,val_mean_IOU_gpu
0,0.405266674913,1.61049043952,0.279040632112,0.722671593539,0.290532456245,0.579706138466
1,0.545040967639,0.608177701331,0.409497362044,0.623405607417,0.400377578568,0.462125129998
2,0.625387565882,0.457674709572,0.488741624762,0.553828182863,0.56697896705,0.418094442226
3,0.588613125185,0.494980320334,0.44458008772,0.728083208203,0.264983488712,0.581969997846
4,0.648552764546,0.378542104454,0.506914001523,0.734432543628,0.237243304728,0.589704868384
5,0.642430694115,0.371953684046,0.496720716508,0.689408170059,0.279085608665,0.537599019241
6,0.670512017578,0.342798769963,0.52383802786,0.758872779086,0.213738298975,0.618343632668
7,0.676438985298,0.330673795871,0.532535123253,0.626767362934,0.360574859194,0.476595417596
8,0.656034859895,0.373864311875,0.517890401486,0.766518160701,0.204989834921,0.627990690991
9,0.681437710244,0.339602337266,0.542903882056,0.726377340965,0.224912842968,0.583183802664
10,0.692836577955,0.305489311917,0.55008945629,0.620366365416,0.309942237567,0.474186719046
11,0.720222158113,0.261191761328,0.579038804679,0.677590355277,0.26523900195,0.528192879865
12,0.709418053447,0.272802229632,0.566537322326,0.75403026212,0.204267692519,0.61532472074
13,0.743797001815,0.238852943736,0.605313848666,0.810954200104,0.163945853012,0.688442665152
14,0.726949977905,0.263593731354,0.588768569357,0.812376476824,0.167186564533,0.69140182808
15,0.766453282701,0.212968658806,0.633933195261,0.762209408946,0.210925307591,0.640495343469
16,0.749195308396,0.239501998769,0.616670011721,0.808967338875,0.163706484367,0.685903389938
17,0.723636408647,0.278769854757,0.58895683853,0.752197254449,0.21449062624,0.61093144957
18,0.723491010303,0.288341659262,0.589213916656,0.816487310454,0.154891298385,0.693945813924
19,0.719051762098,0.266263805781,0.581897924861,0.805952697992,0.184257528745,0.683186599985
20,0.743765981209,0.252535834796,0.61346021716,0.785279723816,0.182149682194,0.654633280821
21,0.767806648305,0.209371963384,0.639573902795,0.821752561256,0.161834955332,0.705428945832
22,0.693566793745,0.318089082611,0.556637779706,0.7008543103,0.273305423325,0.559863528237
23,0.662452285376,0.35730847912,0.52173509287,0.534951001173,0.444743642118,0.380594665185
24,0.747528888661,0.243529860382,0.617987013224,0.797247398645,0.186162913917,0.672804982401
25,0.753771238255,0.225659189539,0.620261323271,0.767581690103,0.211189231835,0.639930435456
26,0.710237383485,0.316216826119,0.58108439019,0.7850816641,0.180863052374,0.653676213697
27,0.775079243412,0.205678660912,0.645998922261,0.800837274641,0.167352489196,0.676123847254
28,0.774144802581,0.20955728239,0.645514229106,0.808709833771,0.174304911634,0.686873342842
29,0.676558053027,0.386623273933,0.547293576929,0.821027075872,0.151503628585,0.701138287783
30,0.72306544266,0.273593180484,0.587340367036,0.822456821799,0.151312927599,0.703987494111
31,0.766702220897,0.21180021221,0.635561928153,0.805120004341,0.168469109572,0.682211265899
32,0.780666729417,0.200556634728,0.654092284014,0.820906287059,0.155161571805,0.703840466216
33,0.757663641313,0.228904277105,0.629039816709,0.787160360254,0.181402491638,0.662097470835
34,0.793602645999,0.192620276539,0.676544576959,0.805378930643,0.16923439363,0.686115546152
35,0.795061613875,0.184186740506,0.673883016663,0.856544796377,0.116769014625,0.754012690857
36,0.815734998144,0.16299149902,0.700957097489,0.865587182343,0.109237283817,0.767660453916
37,0.814047641977,0.16569683983,0.697685795225,0.865149617195,0.10813737195,0.767462311313
38,0.802768176553,0.188064951374,0.690913610537,0.849141340703,0.121657627868,0.744033463299
39,0.767927726411,0.223055193822,0.643324964426,0.831884184852,0.147920938907,0.720326845534
40,0.817805548208,0.161995578482,0.705460419257,0.861231219023,0.106849435542,0.760716954246
41,0.819621379026,0.157387449961,0.704261268329,0.845759017393,0.118129277253,0.738364867866
42,0.819783914571,0.159343431845,0.709020043112,0.865551812574,0.104408693616,0.766659490764
43,0.807891576579,0.171193343183,0.692973212311,0.877565352246,0.0976499289973,0.785688456148
44,0.816994246208,0.161495584769,0.704919086562,0.862130368128,0.117886765976,0.764647997916
45,0.788449834694,0.195994377211,0.670069990285,0.706813916564,0.29153290845,0.605369856057
46,0.807962295383,0.182961432715,0.698460456097,0.865806609392,0.113754891092,0.768775463104
47,0.808671798369,0.180771093289,0.698324994607,0.873562695459,0.100670403684,0.779701506719
48,0.824519851593,0.153749001071,0.714985965027,0.881539562717,0.0934435134986,0.791659422219
49,0.824495249625,0.15202770892,0.715499184499,0.87588711828,0.0961103439331,0.782956367359
50,0.84244145167,0.133565169166,0.738965508011,0.829627906904,0.15165067988,0.719306544401
51,0.828041767833,0.14166481221,0.715067646118,0.887596676126,0.0902446223772,0.801374992356
52,0.809116159048,0.176496818963,0.698701944014,0.87787514925,0.103349983809,0.787529347464
53,0.828519115149,0.156216542227,0.72388702444,0.855091815814,0.109514032374,0.752440158278
54,0.778388388229,0.208250525774,0.655817216093,0.886311220005,0.0969166910509,0.80024301447
55,0.822965391056,0.159775902602,0.716126800637,0.873754475266,0.103858456248,0.780626669526
56,0.811450552158,0.165198253599,0.696201339966,0.880782438442,0.0938975024037,0.791840782389
57,0.825451952038,0.150692496336,0.71612751514,0.886119924486,0.08106465725,0.799136377871
58,0.773466080728,0.21831400922,0.652615476287,0.877914045006,0.0975860367762,0.786351673305
59,0.814359449076,0.164262919489,0.698407765892,0.889926537871,0.0834802919417,0.80473106727
60,0.803857491474,0.176569841144,0.686425564867,0.892597585917,0.0793934607063,0.808892035857
61,0.831217292132,0.146551183378,0.728209078688,0.88234247826,0.0876759832609,0.793510140851
62,0.815057398394,0.166126485368,0.703551310481,0.882930329069,0.0881993483054,0.794258723035
63,0.822318997648,0.15088952963,0.713366920147,0.881719866768,0.0877189166495,0.792564088479
64,0.840413305796,0.137270420075,0.736810566801,0.892710603774,0.0783287389204,0.809132069349
65,0.837053941657,0.141848098073,0.733625827414,0.891851251945,0.0809053074918,0.808149928227
66,0.827205106616,0.153876764305,0.722223142557,0.892784887925,0.0822539244546,0.809362269938
67,0.83450568806,0.139258427414,0.728077259028,0.894018065184,0.0766070100362,0.811354395002
68,0.855920783197,0.119070548602,0.757369883133,0.889599211514,0.0799692624714,0.804191213101
69,0.858022644062,0.118394160831,0.761611851478,0.883095186204,0.0861799652339,0.79461812228
70,0.816405340126,0.168924522389,0.707775385317,0.880069198087,0.0893127386807,0.790067464113
71,0.827457718476,0.153526663084,0.721332458234,0.863689996302,0.102636024181,0.765671376139
72,0.824558810754,0.154229998297,0.716844917548,0.889770274982,0.0828540532966,0.805446567014
73,0.856135202177,0.117695463012,0.755801581072,0.873082602397,0.100910320878,0.780959153548
74,0.839069564535,0.134930208815,0.732342618884,0.89238742739,0.0753581569297,0.808382622898
75,0.846263273196,0.127129631964,0.744331526034,0.889170840383,0.0794536201865,0.803274752572
76,0.844170887362,0.130773766042,0.74316172362,0.884361635894,0.0816300982842,0.795260081068
77,0.860056095653,0.111903602652,0.763214119456,0.879687672481,0.0915969866328,0.788207322359
78,0.847713760053,0.128063103222,0.749186365141,0.873590160161,0.0937156653963,0.77865521051
79,0.814955467001,0.165928350818,0.706791734022,0.842170659453,0.131749155931,0.736532524228
80,0.782437579499,0.23077636912,0.665155452309,0.868939075619,0.0991101868567,0.774276111275
81,0.840099215508,0.132974725894,0.732319877003,0.858193049207,0.114713856834,0.761377384886
82,0.820472593222,0.167915042471,0.71545980581,0.89691889286,0.0749712214456,0.815618079156
83,0.837219338525,0.138746173883,0.732936424438,0.891245879233,0.0783648348879,0.806162903085
84,0.852260831631,0.122324120122,0.753302870074,0.862126396969,0.108956219628,0.764468616806
85,0.824997420263,0.176895281356,0.720271765885,0.881335098296,0.0920049910783,0.792839271948
86,0.853331826251,0.125560496002,0.756826169864,0.893378240988,0.0774647884537,0.810016144067
87,0.850181947453,0.126324555188,0.751228663957,0.899434726685,0.0725267747184,0.819689052179
88,0.846606688066,0.125817341128,0.744265102678,0.88586403057,0.0925377934473,0.799754405394
89,0.84438710592,0.132231664571,0.74352127133,0.845281977206,0.125729108462,0.742204108275
90,0.84765818384,0.125660541872,0.743406970995,0.895273415372,0.07773718104,0.81421876885
91,0.870254656883,0.102931058034,0.779295742211,0.902350181714,0.0686715276097,0.824032114819
92,0.848844142273,0.127846603479,0.749386325629,0.884532535449,0.0890634909156,0.797028057277
93,0.84433594045,0.156250970118,0.749895432682,0.891870968044,0.0780558522674,0.807973185554
94,0.816196688724,0.166649048866,0.707692231795,0.895803406835,0.0794511803542,0.814333418384
95,0.842099139486,0.130034009465,0.739189120856,0.898367937654,0.0710661836201,0.817980349064
96,0.829077678196,0.149157492049,0.724564120625,0.898562576622,0.0751252375194,0.818750385195
97,0.825404280364,0.151647761445,0.719014335913,0.888226771727,0.0851610008394,0.80203907378
98,0.865036237721,0.108830809894,0.770650540337,0.894234385341,0.0782003992354,0.81146739237
99,0.852311172871,0.121191395146,0.751157092025,0.882559480146,0.0867266685236,0.79363839142
100,0.856945368678,0.113988356477,0.76006197237,0.896935120225,0.0750172479311,0.815697450191
101,0.870312471582,0.102237785517,0.778493841489,0.901916205883,0.0675512364251,0.823752500117
102,0.879500956848,0.0937654298326,0.792268708499,0.902207126841,0.0685264860513,0.824373658746
103,0.840599430029,0.140940978577,0.742069841786,0.904398296028,0.0657687470666,0.827632067725
104,0.824525823948,0.160872696814,0.722483166842,0.899905925617,0.0712371964473,0.820438079536
105,0.856076663793,0.117569103893,0.759028322468,0.903100453317,0.0679543086444,0.825760507956
106,0.855722825937,0.117767035717,0.759125441012,0.906497908756,0.0642481303657,0.830899158493
107,0.868122367546,0.107380008908,0.776263854419,0.898581596091,0.0721427154494,0.819280389696
108,0.86276322242,0.11527983325,0.771597440797,0.905765762553,0.0648345667869,0.829492291436
109,0.809488994606,0.178531957621,0.699990373519,0.902470393106,0.0673688966781,0.824940407649
110,0.80532065937,0.176073451724,0.690967869879,0.901267714798,0.0733402887709,0.823171375319
111,0.809749236011,0.166058614831,0.697766272859,0.907621925697,0.063313643157,0.832656832412
112,0.842741898967,0.136594473751,0.746858676049,0.902145402506,0.0687115840265,0.824319569394
113,0.868571856407,0.10591106177,0.776194942118,0.905044922605,0.0661297492334,0.82910997048
114,0.863971000067,0.109149834066,0.770303189152,0.889190983027,0.0792099869577,0.804266959429
115,0.860482559963,0.114853360135,0.767750044664,0.865076275542,0.106934193522,0.770653835498
116,0.736662533699,0.323566906662,0.610352902551,0.864155780524,0.139567159116,0.76520874165
117,0.807455249206,0.173154719814,0.687998905627,0.825142996386,0.151183206355,0.711606440134
118,0.821991544179,0.159836235955,0.711479104529,0.904968388379,0.0779605078278,0.829920377582
119,0.841856480849,0.13490618628,0.738218723222,0.901766000316,0.0761955884518,0.824012553319
120,0.853500132007,0.121964417135,0.755034330066,0.896111419424,0.0793455066741,0.815682722256
121,0.804028516466,0.180910978372,0.691894849744,0.860143082216,0.107012924156,0.762897508219
122,0.809643001568,0.167696117132,0.694228500278,0.895315337926,0.0793675197056,0.813237709925
123,0.836466820854,0.144932227529,0.734204934853,0.882842754945,0.0958345156396,0.794480241835
124,0.857475915039,0.115923961135,0.760219595047,0.9070023112,0.0687181951362,0.831853790209
125,0.851599476253,0.12545192554,0.753607617785,0.876852994785,0.0966269242344,0.784845234826
126,0.853851648894,0.11947727574,0.751079719777,0.882208095863,0.086387405463,0.792706374079
127,0.839611861441,0.139175476488,0.736840834822,0.897317616269,0.0744498291751,0.817453134805
128,0.835147530744,0.137387367492,0.730522009911,0.902392368764,0.0710455077351,0.824836811051
129,0.866806767204,0.108849216158,0.773952786369,0.908375659958,0.0640129461535,0.834658360109
130,0.859470690742,0.117315232039,0.765163597434,0.906061962247,0.0672544916742,0.831157812849
131,0.856964263651,0.116038837592,0.757474898991,0.908892424777,0.0635125218541,0.83496706374
132,0.853774652638,0.12264074816,0.756180987214,0.911253090948,0.0635317048291,0.839570438489
133,0.876205284788,0.097744007435,0.787400270953,0.913312908262,0.0616391307558,0.842778552324
134,0.845601073419,0.135347070944,0.748722047065,0.908504290506,0.0698872259236,0.835021361709
135,0.865419066314,0.108761800679,0.773034338397,0.909401318058,0.0633558967966,0.835639312863
136,0.852214388023,0.126944443982,0.755986838028,0.906804120168,0.0689109019004,0.832991801202
137,0.869529578421,0.105562828688,0.777524201256,0.915884552523,0.0598924516817,0.846075441688
138,0.872505734063,0.0994174274418,0.781545409349,0.917780855671,0.0557108446956,0.849499382079
139,0.860610339377,0.119441240198,0.766995096899,0.913170553744,0.0588963742484,0.841913396493
140,0.880248781407,0.0933835510578,0.792895232788,0.907055692747,0.063958248531,0.83220002614
141,0.875423545187,0.0997607340152,0.786598329291,0.913176981732,0.0593565455056,0.841967601329
142,0.888768896611,0.0867979750978,0.807992913807,0.907342206687,0.0632297320408,0.832866091281
143,0.901042737744,0.0735816037602,0.823756972347,0.913327280432,0.0586467696121,0.842390198261
144,0.881803477352,0.092336372557,0.796250052825,0.904561057687,0.066019462538,0.828249651939
145,0.870760030217,0.104041368785,0.781455724829,0.92156014964,0.0532995334361,0.855631724
146,0.88001047722,0.0949957523344,0.793636189266,0.918458679691,0.0549505561357,0.850466802716
147,0.884731567869,0.0886843325664,0.798719783323,0.914210118353,0.0592901412747,0.844356741756
148,0.881685417108,0.0939519089468,0.79693336258,0.907364044338,0.065675470687,0.832489803433
149,0.866474391836,0.109898236909,0.775832520591,0.912344425917,0.062027018168,0.841467719525
150,0.896311349941,0.0787985449694,0.817534757684,0.906919403002,0.0643353833584,0.832543259487
151,0.883782623994,0.089732612963,0.798865784298,0.912004224956,0.0595545747201,0.840425804257
152,0.891298277511,0.0827134397031,0.810704832125,0.922740321606,0.0509422256728,0.857675235718
153,0.882513812094,0.0904636259445,0.795762857102,0.917602388188,0.0550146400928,0.849103733897
154,0.889420403977,0.0816788195322,0.805931191854,0.911123737693,0.0614287859062,0.838759485632
155,0.891136242284,0.0833987163737,0.810358371096,0.916562298313,0.0570990520064,0.848176328465
156,0.899361782002,0.076316633384,0.824364427665,0.91033051908,0.0600173783023,0.837736345828
157,0.872732313594,0.10011409526,0.781908349858,0.915943952277,0.0569156141137,0.84703716822
158,0.862981875436,0.112718604223,0.772786651145,0.910101305693,0.0616595050669,0.836905473843
159,0.8801363827,0.0947759963967,0.795782686484,0.919217914343,0.0544063020498,0.851638514549
160,0.887344449457,0.0879738777311,0.803921699825,0.911928068846,0.0593168657506,0.840036777779
161,0.900127270607,0.0743192802889,0.823341247409,0.91576484777,0.0564013939002,0.846074590459
162,0.90677880699,0.066096518772,0.832579679561,0.918166659772,0.0553992658388,0.850236080587
163,0.855580762631,0.122937679517,0.762816772392,0.924523539841,0.052570187836,0.860877174884
164,0.865874880492,0.113478430462,0.776730280181,0.912282820791,0.0617930850131,0.84065845795
165,0.890687351877,0.0827732259652,0.809113584083,0.921887474135,0.0530701084645,0.856623828411
166,0.893113972563,0.0804762190603,0.81218769153,0.919196709991,0.0536619100021,0.851615544409
167,0.873992155899,0.0998151687661,0.785847072951,0.915201658383,0.0585726895952,0.84547136724
168,0.901979018341,0.07166025797,0.825449030207,0.89989342913,0.0718898462364,0.820673940703
169,0.893431196309,0.0786577599744,0.81188836483,0.9061985109,0.0658894028165,0.83049621433
170,0.880679293112,0.0964677866097,0.79697641926,0.901326950639,0.0671370594064,0.822896273807
171,0.87489101682,0.0979952834396,0.78570164725,0.914260098711,0.0588384519215,0.843613324687
172,0.898798700535,0.0754532540273,0.822045228698,0.897430365905,0.0737438518554,0.816935570911
173,0.888077053157,0.0847556114084,0.805019679094,0.921687593684,0.0516272597597,0.855822138488
174,0.877462717018,0.0969031121996,0.791682236724,0.899632785469,0.0737774664885,0.819859735668
175,0.884985499912,0.0890162318117,0.801460767936,0.917390407994,0.0553648063214,0.848511038348
176,0.885365614987,0.0896325654378,0.803687166837,0.892318086699,0.0793831798364,0.809212589636
177,0.893756614189,0.0820970051555,0.814177763884,0.928068619221,0.0494376244023,0.866598794237
178,0.899060571435,0.0742412199163,0.821424294301,0.924534561113,0.0510243340977,0.860674008727
179,0.900855485237,0.0731035769174,0.824947154281,0.913074897602,0.060005351319,0.842446230352
180,0.895616355568,0.0799377011982,0.818370701689,0.91473795101,0.0583237809478,0.845608895645
181,0.890851491027,0.0815570582495,0.809526237574,0.917717894539,0.0558592380257,0.849418282509
182,0.909656021932,0.0661446695225,0.838380488783,0.911428380758,0.0606308763963,0.83928098157
183,0.892359584269,0.0799005701762,0.810960849126,0.923533787951,0.0522882501245,0.859167406335
184,0.899561163151,0.0730813467555,0.821182334664,0.923041844741,0.0516915134504,0.858604768291
185,0.888067512801,0.0859880670529,0.804985728228,0.927490562201,0.046815801179,0.865556519479
186,0.910494496124,0.0644200242905,0.839224071214,0.926686005667,0.0480028118473,0.864624328911
187,0.898625584564,0.0759650037408,0.822568953338,0.927692577243,0.0482524557156,0.866203330457
188,0.904943775047,0.067893619207,0.830224498354,0.905057473108,0.0677467747009,0.828854085878
189,0.900645349965,0.073961381396,0.824260170412,0.922364268452,0.0520601282478,0.857506327331
190,0.916152102779,0.0583617776971,0.847849980147,0.925010735169,0.049471941602,0.862085692585
191,0.916792342157,0.0572133738397,0.849174274339,0.896333172917,0.0740540313418,0.814663514495
192,0.900737218182,0.0727414237618,0.824331372073,0.928105391562,0.0477767475531,0.866692973301
193,0.916651632449,0.0582953496375,0.848453365793,0.921773133799,0.0530430057552,0.856501236558
194,0.908925486333,0.0638494310581,0.836186245836,0.926122166216,0.0485478874762,0.863630760461
195,0.895334186578,0.0790101375544,0.817426635159,0.923151105642,0.0514385416755,0.858892399818
196,0.902209263257,0.0713313223625,0.826437666561,0.936309117824,0.0421844553784,0.880920009688
197,0.78815533217,0.19423936823,0.674731422554,0.846593987197,0.11119711271,0.742599974386
198,0.829493011489,0.146478632409,0.7242826407,0.898146912456,0.0758509761654,0.818002864718
199,0.850866547889,0.122555285316,0.752127405519,0.896899634972,0.0707733670715,0.816349802539
200,0.87256773915,0.0977379056729,0.779142708188,0.899046735838,0.0713423772831,0.819887332618
201,0.896994537777,0.0770094449999,0.81779140806,0.914430320263,0.0578170055524,0.844006055966
202,0.87407250296,0.100522033626,0.785086570966,0.91924120672,0.057565104973,0.852174604312
203,0.875382525752,0.0997875056822,0.789509280613,0.918775757775,0.059686444758,0.851328985766
204,0.870772813908,0.105390847651,0.781559423064,0.907497720793,0.0671382050496,0.833624472842
205,0.881923843213,0.0928405388588,0.798408627811,0.924126949161,0.0511900943238,0.860178655013
206,0.893674624087,0.0791653489525,0.81386673601,0.924232516438,0.0517578204744,0.860355362296
207,0.898499239575,0.0753699663199,0.820066614283,0.912226447836,0.0619319179095,0.841233413666
208,0.899230166517,0.0762961461312,0.824113794047,0.930963655934,0.0456950672669,0.871557902545
209,0.884848690996,0.0898678936064,0.800597863667,0.92306551151,0.0532349788118,0.858607191592
210,0.898593909211,0.074581834403,0.82081818701,0.932982148603,0.0436474720482,0.875169256702
211,0.907361134736,0.0661516474052,0.832771064657,0.912806024775,0.0617452300794,0.841568246484
212,0.898644392238,0.0754520047757,0.82268723996,0.925628297031,0.0513107285369,0.862984225154
213,0.911048231101,0.0638616847608,0.840497525352,0.920901404694,0.0548469159403,0.855566045269
214,0.894770610212,0.0792580203087,0.81670092844,0.921053603292,0.0555321096326,0.85530083999
215,0.897161897385,0.0752289673746,0.81963224122,0.914358951151,0.0597179298638,0.84471148625
216,0.905277587549,0.0694686933374,0.831380219472,0.924129247665,0.0512619927176,0.860585102811
217,0.906750568838,0.0681247725951,0.834493327923,0.917772814631,0.0565586612211,0.849605903029
218,0.913130191842,0.0606664475242,0.84281579834,0.918660515919,0.0554224437801,0.851641114801
219,0.910213850363,0.0660191324511,0.83996650125,0.919540992007,0.0563780992525,0.853663453832
220,0.895048434686,0.0799176853075,0.818149600065,0.914651591331,0.057712357142,0.843900850043
221,0.892043610414,0.0828904386309,0.812472478609,0.929310845211,0.046673225821,0.868869749829
222,0.910038614213,0.0655187540735,0.840807023072,0.909489458427,0.0650934998412,0.837048456073
223,0.909746292866,0.0641325091134,0.838489935856,0.924681369215,0.0502094827825,0.861230662093
224,0.912410861916,0.062146656996,0.842177111693,0.920771963894,0.0548805471626,0.85498315841
225,0.912713086364,0.06194732992,0.84271888179,0.922312865034,0.052746395173,0.856946209446
226,0.909281881771,0.0644606313941,0.837790475951,0.917690604925,0.0567682107794,0.849685007706
227,0.908674600751,0.0643520921544,0.835255525931,0.923531487584,0.0518448865623,0.85913400352
228,0.907728622658,0.0678351040591,0.836148423378,0.931410769001,0.0449364624801,0.872288107872
229,0.9042666422,0.0684896655418,0.828975557077,0.911108799279,0.062957385031,0.839245596901
230,0.905844673966,0.0674100074672,0.83188475262,0.922960374504,0.0520208560629,0.858006130904
231,0.914159777791,0.0598418225882,0.844954559899,0.920208374038,0.0537709034979,0.853609807789
232,0.905746053566,0.0679743009422,0.832256550741,0.930568939075,0.0456532927928,0.870959997177
233,0.898327733531,0.0756583326129,0.821897980541,0.922218149528,0.0528022676008,0.857726477087
234,0.908691730162,0.0656899213791,0.836769038379,0.904190573841,0.0680534691783,0.828848674893
235,0.912061552809,0.0634455145666,0.843221803807,0.930980080739,0.0469477498555,0.872316908091
236,0.917528709378,0.0569632977736,0.850428533072,0.934595158324,0.0424990378669,0.878258088604
237,0.918335276421,0.0577008962405,0.851839055919,0.920329606161,0.0538244691852,0.854746939614
238,0.912875203171,0.0623085905958,0.843890904176,0.93367937021,0.0432610271964,0.876485059038
239,0.917117945474,0.0580231289313,0.850131542093,0.925933692604,0.0494868133683,0.864176098257
240,0.921455208701,0.0543129910536,0.857131822543,0.925232764333,0.0499403231661,0.86221707426
241,0.918320248223,0.0569699720263,0.851644171007,0.931280935183,0.0452250760281,0.872511252761
242,0.922717463489,0.0513710283834,0.858178923226,0.929611871019,0.0462912961957,0.86958492361
243,0.914849209665,0.0600666655322,0.84668562629,0.921138579026,0.0526097646507,0.855614848435
244,0.917250978826,0.0576129116005,0.849734940312,0.931593490764,0.0449009170989,0.872922774404
245,0.915789831166,0.0586654793358,0.847329322738,0.922565286979,0.0525804927747,0.858539277688
246,0.919843221554,0.0557330723739,0.854919250565,0.923454554752,0.051244018221,0.859427457675
247,0.922560082542,0.0525157436014,0.858108382634,0.921295158565,0.0527630069992,0.856067514047
248,0.918886093178,0.05500850771,0.852483239439,0.925200251862,0.0497613754414,0.862438499928
249,0.916277754186,0.0576013059195,0.84803156058,0.928614787757,0.0477695504087,0.867998724803
250,0.919257531262,0.0568284933935,0.853633656646,0.922301473096,0.0526190563105,0.857599264011
251,0.916807955564,0.0587051768947,0.849885613328,0.921715248376,0.0539223336673,0.857068981975
252,0.922023452292,0.0533034239115,0.857747342249,0.931645726785,0.0458118048846,0.873406507075
253,0.914857053998,0.0594930646076,0.846670420182,0.931387452409,0.0454811398522,0.87284674868
254,0.917773397884,0.0560234219137,0.849881004203,0.916080495343,0.0565477655327,0.846818868071
255,0.923585832721,0.0529437654398,0.860992255536,0.90877831541,0.063478545082,0.834702562541
256,0.926154506929,0.0497681819881,0.864840620696,0.915807550773,0.0569866492879,0.846659975126
257,0.917524286593,0.0573735791023,0.851075021908,0.925319734961,0.0494107595878,0.862188173458
258,0.918332685726,0.0571407600861,0.852777552123,0.923413790762,0.0512148638954,0.859319265932
259,0.920537020221,0.0540433788691,0.855323486858,0.929478609934,0.0469501665211,0.86992347613
260,0.926569771285,0.0486595529705,0.864526744443,0.921887751669,0.0531889271806,0.857765220106
261,0.915431543432,0.0597628845335,0.847063357782,0.899572284892,0.0722298377077,0.820503611118
262,0.916465092789,0.0577447976296,0.848452879925,0.928745243698,0.0475394308451,0.868230335414
263,0.916012864522,0.0593812561528,0.847903833847,0.918743606657,0.0551012406067,0.851471887901
264,0.918592740791,0.0554677510465,0.851826485961,0.920295886695,0.0541537986137,0.854932717979
265,0.926213725649,0.0497986206766,0.865254500298,0.929529068992,0.0468821034301,0.869483394548
266,0.91807491972,0.0572823555011,0.851923962434,0.927184250206,0.0490568694077,0.866900455207
267,0.923215058717,0.0512248590739,0.859130554729,0.93306851387,0.0433623367571,0.87598051317
268,0.927319748233,0.0489271056904,0.866752546243,0.924085373059,0.0505684873206,0.86107393913
269,0.922936817612,0.0514096404906,0.858854167389,0.915303371847,0.0584080559784,0.846610540524
270,0.924023716739,0.0509123022038,0.860931158066,0.918020982295,0.0560464535956,0.85074582696
271,0.923336956236,0.0514282651923,0.859891443542,0.928890295327,0.0477158670546,0.868505641818
272,0.920854395086,0.0543243611476,0.85577553029,0.91910292767,0.0543994113978,0.852436264977
273,0.920030153761,0.0543069655094,0.854786513731,0.920395841822,0.0528036594333,0.854359678924
274,0.923987532505,0.053274486054,0.861469678204,0.924738787115,0.0501516145887,0.862141806632
275,0.924085363595,0.0522254296118,0.860875071901,0.927363734692,0.0473595815711,0.866631897166
276,0.916906678315,0.0577726321144,0.849596284857,0.921526266262,0.0525111943134,0.856876334175
277,0.920752932929,0.0544905415313,0.855866978265,0.921572655439,0.0527826774633,0.856966016814
278,0.922589003438,0.0516147146359,0.858507731948,0.922806965187,0.0518200604711,0.859320791438
279,0.915692736103,0.0598245676739,0.849479141862,0.922212362289,0.0525448504486,0.858339557424
280,0.931065292069,0.0454687556685,0.872790528668,0.91992306523,0.0541849068832,0.854402093217
281,0.922330623925,0.0524581708014,0.857450016219,0.921497214586,0.0519432188885,0.856717415154
282,0.921180342785,0.0530689440367,0.855651874133,0.91839925386,0.0547740914044,0.851670959964
283,0.929840382301,0.0463994991674,0.870775731525,0.920564977452,0.0536548229575,0.85538639687
284,0.926206365378,0.049328536068,0.864348191203,0.927504457533,0.0479130115127,0.866833619773
285,0.926276898143,0.0490424394363,0.864839799476,0.923893650994,0.0511455519299,0.861150847748
286,0.918325143631,0.0561951393393,0.851954157605,0.925136830658,0.0502842830319,0.862840164453
287,0.920052791485,0.0534880241906,0.853940312911,0.920823920518,0.0528666947212,0.855451479554
288,0.923785632307,0.0506488478865,0.859972542585,0.927377514541,0.0485772815882,0.867092873901
289,0.917207624274,0.0577857169897,0.851818817131,0.907695936039,0.0659342543804,0.834241259843
290,0.918978583331,0.0563362761579,0.8528463118,0.928916314617,0.04695637041,0.869230667129
291,0.914934324496,0.0576170824581,0.845061238968,0.920725950971,0.0533351105696,0.855492088944
292,0.922906595649,0.0524778430247,0.859379404121,0.926683552563,0.0491007482924,0.865435892716
293,0.923372417387,0.0521165680027,0.859366080376,0.922218674794,0.0531441041094,0.858155822381
294,0.924233538334,0.0520035179257,0.862202641338,0.933107189834,0.043479000451,0.876073533669
295,0.920852653306,0.0526887558946,0.855657644946,0.917422188446,0.0574034268793,0.850406644866
296,0.918284708803,0.0558241471422,0.850846624134,0.928422546014,0.047835939622,0.86867900379
297,0.926020477757,0.0491877876862,0.864020237417,0.919581426308,0.0549647061271,0.853877000511
298,0.931921327957,0.0444403604858,0.874003088836,0.924632884562,0.0506015996507,0.862139441073
299,0.91894651844,0.0557088552024,0.853136142095,0.923363182694,0.0518187511188,0.860237931833
300,0.921429956802,0.0541875973588,0.857135380157,0.924597155303,0.0506942695938,0.862424297258
301,0.919949169713,0.0545021541172,0.854325413102,0.922183027491,0.0527699364466,0.858399061486
302,0.924260185825,0.0502495882713,0.860912035812,0.925412252545,0.049639750825,0.863353643566
303,0.925269582657,0.0501579032797,0.862800121307,0.922750307247,0.0525528554863,0.859246531501
304,0.919256644418,0.0562690971984,0.853829100276,0.916494043544,0.0585183150833,0.848872110248
305,0.920307082359,0.0544189094669,0.854977268161,0.922779811546,0.0523172423127,0.859156416729
306,0.925542567113,0.0497290188014,0.863762780873,0.926824707538,0.0492782354413,0.865945249796
307,0.9253153229,0.0501921803531,0.863403333558,0.92315470241,0.0521497047448,0.859788887203
308,0.922795365555,0.0534863807731,0.859283980697,0.922405522317,0.0526117200498,0.858345881104
309,0.920286351984,0.0550913142435,0.855809921869,0.916283464059,0.0592181465472,0.848584204912
310,0.92506520134,0.050912731186,0.862574566494,0.925263689831,0.0505213692086,0.863503530622
311,0.927866495017,0.0492571050471,0.867694565744,0.922744108364,0.0526010797475,0.859143476933
312,0.925915696404,0.0501454287782,0.864264223913,0.923311952502,0.051805513649,0.859877474606
313,0.927030796957,0.0486138646275,0.865727059769,0.914021123201,0.0592689040641,0.844510765746
314,0.932551309316,0.0438499435162,0.874641991625,0.920882890001,0.0539336256043,0.855884009972
315,0.924002670278,0.0515433723728,0.861048425087,0.915834536776,0.0578942093998,0.847629332915
316,0.925596924141,0.0510312673269,0.864246608031,0.920191593468,0.0551058482088,0.855024924502
317,0.934472282728,0.0426455755351,0.878141569369,0.92420146428,0.0514165455825,0.861746711656
318,0.928963551618,0.0474761065961,0.868852279403,0.92026957497,0.0545122202893,0.855025487021
319,0.934028629703,0.0428576355593,0.877645163825,0.92496467568,0.0498445259582,0.862683348358
320,0.920324638636,0.0537782052927,0.854787122722,0.922737354413,0.0521966208471,0.859254481271
321,0.926011217363,0.0495165479605,0.865018164269,0.926467236131,0.0487307267613,0.865399921313
322,0.927356837976,0.0472992311204,0.865930096068,0.921678787097,0.0529003495176,0.85729636997
323,0.928425169352,0.0473353026548,0.867807365427,0.926305370405,0.0489169352804,0.8650550358
324,0.924267933224,0.0509874343195,0.861434710748,0.925789503381,0.049338685465,0.864276563749
325,0.926043841574,0.0493521189712,0.863830940892,0.929497165605,0.0460839750012,0.870321776718
326,0.931480899002,0.0448985303555,0.873230271267,0.923415370286,0.0518215360644,0.860276311636
327,0.930283453729,0.0459165409433,0.871050464384,0.922809187323,0.0518557661562,0.859177483246
328,0.920755709663,0.0545756240667,0.855004162499,0.922779902816,0.0519550795434,0.859130546451
329,0.926788378243,0.0486284743788,0.865241639542,0.927429158241,0.0480044825526,0.866732580587
330,0.927437658262,0.0482312514343,0.866026178755,0.926737170666,0.0485457777395,0.865652356297
331,0.928940754948,0.046590036929,0.868433792784,0.920181425288,0.0543286984321,0.854870695621
332,0.923998411858,0.0511646215061,0.860605110424,0.926601223648,0.0488558161887,0.865659793839
333,0.927306600291,0.0484515741242,0.866582148003,0.922722019255,0.0524410031212,0.859219620004
334,0.930628813276,0.0457801562311,0.871692416644,0.924306955189,0.0507993292122,0.861874820665
335,0.928228709433,0.0474773141358,0.867547466899,0.925270708278,0.0498546737072,0.863376906142
336,0.928202716389,0.0493328487971,0.868588738369,0.922213053331,0.0526730108541,0.858270861208
337,0.920362131764,0.0543770027733,0.854527021297,0.921373102814,0.0526742660732,0.856768809259
338,0.92626003906,0.0491054203794,0.864463673698,0.922825181857,0.0518134488666,0.859169019386
339,0.926217804051,0.0504704015141,0.864830801583,0.925401641056,0.0499092779355,0.863581223413
340,0.926933366843,0.048960033108,0.865466599513,0.924623791128,0.0507771557313,0.862456642091
341,0.924476441711,0.0508714712347,0.861690705473,0.92043842189,0.0541896777577,0.855339605361
342,0.918414378407,0.0567852232624,0.85206755484,0.918539203703,0.0555891748809,0.852211507037
343,0.929872957745,0.0460736307908,0.870145830241,0.919826993719,0.0542714018084,0.854337293655
344,0.927449293811,0.0485152873408,0.866516033206,0.92752305232,0.048015309294,0.867109606043
345,0.927902034437,0.047403060135,0.866903075666,0.927101414651,0.0479702012963,0.866442224011
346,0.923420655607,0.0511251045485,0.859657961913,0.925766702741,0.0491355179984,0.864142587408
347,0.925330612395,0.0508163151228,0.86300581212,0.915614811704,0.0570522957423,0.847204981372
348,0.926769300543,0.0488126087708,0.865345004833,0.923823798075,0.0507125548611,0.860761662945
349,0.930121370638,0.0456162553958,0.870803219501,0.924540661275,0.0504973739444,0.86213606596
350,0.928944511245,0.0487668781325,0.87015344639,0.922958828509,0.0519817359746,0.859561529011
351,0.923726575543,0.0502248545638,0.859848295799,0.924864314497,0.049947198102,0.862565444782
352,0.917915871649,0.0567002630971,0.851039525836,0.923893189058,0.0501826718682,0.860694717616
353,0.929669419322,0.0464685023715,0.870537335824,0.926598960534,0.0481325157743,0.865365957841
354,0.928456475036,0.0476121689767,0.868051221274,0.921811370179,0.0522401188791,0.8574826736
355,0.927917336575,0.0476793202976,0.867458323036,0.922907935455,0.0512073540303,0.859256844968
356,0.92434102357,0.0510956644071,0.861594439757,0.92470757477,0.0499467439367,0.862324334681
357,0.92554334679,0.0498925872956,0.863640131372,0.917339019477,0.0551607332891,0.849927574396
358,0.93039079146,0.0465950409534,0.871496938094,0.921341160312,0.0522238808044,0.856655161828
359,0.930306104699,0.0461588888006,0.871497019975,0.925441376865,0.0494768148346,0.863620178774
360,0.924702167511,0.0497064058942,0.861388344957,0.922103878111,0.052329902217,0.85810887441
361,0.929737769594,0.0462002269641,0.870175406788,0.922248164192,0.0523915639205,0.858364436775
362,0.937107567233,0.0402185975978,0.882520808114,0.9197314661,0.0540493703447,0.854108996689
363,0.926778709046,0.0494432163453,0.865310694232,0.920887036249,0.053395541443,0.856073316187
364,0.928466476575,0.0476225048793,0.86874169924,0.922400780022,0.0520335193432,0.858600148931
365,0.930172830519,0.0458927096498,0.870985448963,0.917286979035,0.056112002756,0.850029354915
366,0.927101738525,0.048767446117,0.865918646557,0.917162120342,0.0561200978409,0.849774604663
367,0.929890247306,0.0469040302183,0.870793758017,0.922566941008,0.0519357755838,0.858822727576
368,0.930344508754,0.0454850958641,0.871140399365,0.922614946961,0.0519050500588,0.858898060396
369,0.930341683253,0.0458381863857,0.871311191357,0.91987002641,0.0540288340708,0.854310611263
370,0.928292206442,0.0480629608806,0.868218416517,0.920198887587,0.0539521079336,0.854922013357
371,0.926851359281,0.0484366375915,0.865244672756,0.923861242831,0.0515551101707,0.861102001742
372,0.929398849757,0.0459807483724,0.86933290537,0.922610808164,0.0522627285391,0.858953617513
373,0.932496671725,0.0436912616621,0.875051018566,0.921711409464,0.0526755258325,0.857363717631
374,0.927881134881,0.0480904175589,0.867017036737,0.919615184888,0.054122399888,0.853805314749
375,0.932718951293,0.0451396803626,0.876054606654,0.923070106655,0.0516148554161,0.859590232372
376,0.927168454787,0.0488273548056,0.866524021433,0.921182418242,0.0528571376635,0.856422901154
377,0.934976474805,0.0418289487128,0.879249480036,0.918107962236,0.0551193895517,0.851276788861
378,0.933277210804,0.0434411199707,0.87657537364,0.92203823477,0.0519498846552,0.857759987935
379,0.926045668848,0.0492968321731,0.864578996042,0.919088292867,0.0545196289895,0.852905264124
380,0.927422606584,0.0486400054034,0.866329818061,0.924673261121,0.0503383304458,0.862271124497
381,0.930751785485,0.0447361190154,0.87177349341,0.924672562629,0.0504266793141,0.862319443375
382,0.928548759282,0.0475515660388,0.868529041608,0.922660589218,0.0521752521454,0.858940435573
383,0.929364866681,0.046714977493,0.869567231096,0.921988783404,0.0527134918957,0.857818651944
384,0.926494529151,0.0483982602341,0.864478740427,0.924546765164,0.0503141142253,0.862023821101
385,0.936013425841,0.0409900994144,0.880936692459,0.923261258751,0.0513154440268,0.859870377928
386,0.929501028374,0.0463343304253,0.869740166447,0.922612177208,0.0518205292174,0.858789527789
387,0.929520156046,0.0463767658562,0.869706685495,0.924976846203,0.0500613869808,0.862725632265
388,0.929248826672,0.0464865621838,0.869480705622,0.923480680212,0.0511627417582,0.860237728804
389,0.929293294748,0.0464741717366,0.869200060464,0.921594653279,0.0528220942942,0.857129853219
390,0.932617891316,0.0441903754918,0.875147095232,0.921657871455,0.0530340888072,0.857313398272
391,0.928299145867,0.0476566625364,0.867767425499,0.924869397655,0.0501490894239,0.862641904503
392,0.927045928107,0.0484035342668,0.86545459008,0.925542145967,0.04929402782,0.86368031241
393,0.930787779466,0.0458646331622,0.872230503896,0.924250697717,0.0503171887249,0.86149456352
394,0.931743645909,0.0448801460572,0.874180098375,0.92404705286,0.0505809957976,0.861138353124
395,0.931961316051,0.0441632305244,0.874020193562,0.927221907303,0.0478260978707,0.866339288652
396,0.922993573275,0.0511683612272,0.858477378734,0.9269029852,0.0482282424637,0.865907620639
397,0.931907407563,0.044391488092,0.873899224431,0.921433946118,0.0525715371186,0.856816506013
398,0.924045625359,0.0515679694863,0.861122436596,0.921504793689,0.0526944758312,0.856993731111
399,0.933416921683,0.0436443463532,0.876544766354,0.924642475322,0.0503004185739,0.862213896587
400,0.927320571861,0.0486647155738,0.866284483009,0.925740895793,0.0494814815465,0.86409496516
401,0.935364160875,0.0412932030405,0.879877781627,0.923648688942,0.0511489908677,0.860621068627
402,0.919708039423,0.0553033181814,0.853979353953,0.925685141236,0.049483449402,0.863985730335
403,0.930378657399,0.0458719501592,0.871647807083,0.923534048721,0.0511755809712,0.860401634127
404,0.930516331485,0.0461228183856,0.871618022822,0.923676652834,0.0511033189541,0.860660560429
405,0.931362818588,0.0451449338215,0.872792309583,0.922786535695,0.051882813219,0.859184872359
406,0.934306363265,0.0429834905598,0.87788103566,0.922594783828,0.051947425789,0.858861934394
407,0.925091131167,0.0513413242544,0.863941540622,0.923307253048,0.0516390418052,0.860099775717
408,0.934130515113,0.0431758395838,0.877664374583,0.923612212762,0.0513127730519,0.860591614619
409,0.932179196916,0.04417504437,0.874479632787,0.923270313069,0.051522714406,0.860004985705
410,0.929555873076,0.0463735815514,0.870047394675,0.922693816945,0.0519055579207,0.859017586336
411,0.932064052784,0.044393604753,0.874190161325,0.922566117719,0.0519163519202,0.858767639846
412,0.921009034219,0.0542548155469,0.856202566865,0.923895558342,0.0507514135388,0.860918706283
413,0.926279069197,0.0492626743843,0.864580567437,0.924620868638,0.0503436036524,0.862200183794
414,0.932481182946,0.0433933426334,0.874515074672,0.923243578523,0.0515540589986,0.859924832359
415,0.930861035983,0.0457623493434,0.872763394105,0.922716962174,0.0520170809177,0.859046423808
416,0.933661828137,0.0440174860673,0.87739603086,0.922532349825,0.0523173495021,0.858780384064
417,0.930165225809,0.0464916993779,0.871139470977,0.92393889837,0.0512651964382,0.861135670915
418,0.931287118281,0.0454990199268,0.872888035846,0.925044933334,0.0502370048489,0.862980986014
419,0.927073907973,0.0485483618039,0.866248790664,0.923275949433,0.0516198035039,0.859975583851
420,0.926695883274,0.0492783138961,0.865669130075,0.922889018431,0.0519006195536,0.859327686951
421,0.925413840949,0.0497293365893,0.862726272357,0.92304122448,0.0515930845868,0.859529741108
422,0.930992741175,0.0456384785774,0.872920277143,0.92225683853,0.0524576629396,0.858281191438
423,0.929732987375,0.0464658662206,0.870467842829,0.92259461619,0.0520086926699,0.858841713518
424,0.930581398685,0.0452080974732,0.871740628373,0.923013510182,0.0515877467114,0.859516831115
425,0.930354501864,0.0456997021054,0.87118892176,0.921657957137,0.0527872781677,0.857260571793
426,0.935922824975,0.0415081342475,0.880767981813,0.921054618433,0.0532819450018,0.856203136966
427,0.936745456975,0.0416920979347,0.882870427286,0.9218257498,0.0524544347427,0.857477284968
428,0.926561380276,0.0495037814941,0.866314936166,0.918857118115,0.0550746147637,0.852583240718
429,0.931369732125,0.0446085951601,0.872820335807,0.920023489743,0.0542461828736,0.854535406455
430,0.928830967407,0.0483605122062,0.869771541369,0.921538809314,0.0529609192454,0.857067871839
431,0.925016302051,0.0505347307866,0.862452131329,0.924790190533,0.0502744443365,0.862509783357
432,0.930070945711,0.045544789502,0.870198276308,0.925194656476,0.0498982362042,0.863174639642
433,0.928593845078,0.0479051938205,0.869084057784,0.92437813431,0.0506587429554,0.861785756424
434,0.93697919689,0.0406230015567,0.882697395002,0.924995139241,0.0500770309882,0.862732514739
435,0.929942083479,0.0459178973253,0.870409286383,0.924279375002,0.0504980570695,0.861475948244
436,0.925983052663,0.0498639489477,0.863923363613,0.922654058784,0.0515879814047,0.85873102583
437,0.922727073082,0.0528496422269,0.859632564916,0.920961646363,0.0532102913421,0.855949500576
438,0.927089414211,0.0490684531196,0.866165536823,0.921936247498,0.0522809748363,0.857541337609
439,0.934515038524,0.0419401862574,0.878176255058,0.923056967556,0.051477024419,0.859443953261
440,0.929471714328,0.0463265020099,0.869471873298,0.922489250079,0.0518932488631,0.858515363187
441,0.926280598448,0.0491106281753,0.864303224015,0.92444126308,0.0502359729144,0.861732916906
442,0.919298309268,0.0550152017838,0.853585706215,0.924168854952,0.0505498493148,0.861307686195
443,0.932010200289,0.0440855723138,0.873953974006,0.924426019192,0.050328183861,0.861735440791
444,0.921654808401,0.0531686400299,0.857806965558,0.923637825996,0.0509097148897,0.860418505967
445,0.931886706087,0.0450377249432,0.873849004808,0.923860255629,0.050730897201,0.860774228349
446,0.926444122888,0.0496544334379,0.865321588035,0.925260905176,0.0494534840109,0.863088281825
447,0.930161092618,0.0459625590499,0.8711310312,0.925409415737,0.0493014165841,0.863341180608
448,0.933205588899,0.0435621246526,0.876596166028,0.925184417516,0.0494219705579,0.862970050424
449,0.92634732073,0.0492141717725,0.86443563483,0.925005171448,0.0495817722112,0.862671431154
450,0.926830742094,0.0486359083367,0.86552581462,0.923658626154,0.0507551345218,0.860436171293
451,0.934825236749,0.0419396868803,0.878942992952,0.924017641693,0.0504555944353,0.861015843228
452,0.927824722396,0.047943224867,0.867245450164,0.923463614658,0.0509679625393,0.860116399825
453,0.931664801005,0.0448352091033,0.873681418823,0.924464048818,0.0501961321861,0.861816553399
454,0.934062501999,0.0435477222006,0.878227803442,0.925379678607,0.0494711873471,0.863359447569
455,0.931208097573,0.0445511000363,0.872623635663,0.926056683064,0.0488999867521,0.864484863356
456,0.932580843116,0.0438019957281,0.875466036676,0.92489368096,0.0498179314309,0.862558541819
457,0.928329112554,0.0477042616242,0.868136897232,0.923692455515,0.0509108297992,0.860550116748
458,0.926780193743,0.0488050648416,0.865153773264,0.924260703847,0.0503707234748,0.861496051773
459,0.937585050409,0.0397465176354,0.883644994461,0.92470500432,0.0500369474175,0.862234532833
460,0.929075003272,0.0469032240881,0.86899611685,0.925338383764,0.0494741371949,0.863270094618
461,0.932832051407,0.0435032789793,0.875250140224,0.925251698121,0.0495430225856,0.863132065162
462,0.930515067144,0.0457888007766,0.87161059211,0.92452696152,0.0502517977438,0.861948726699
463,0.928450269531,0.047793636456,0.868755561535,0.924517195672,0.0503419502347,0.861939603463
464,0.933809125062,0.0427730561827,0.876844849249,0.924832876772,0.0500567514391,0.862476667389
465,0.926134939748,0.0486903511966,0.864302133069,0.924447219819,0.0503271535854,0.861831227317
466,0.928041924732,0.0484949491655,0.867948173272,0.92494074069,0.0499736341008,0.86264549382
467,0.934783205842,0.0417191202592,0.878593377393,0.925055705011,0.0497673044447,0.862825741991
468,0.933218762128,0.0441644901805,0.87674293795,0.924175405875,0.0505549616064,0.861391857266
469,0.930681629012,0.0451053555378,0.872244212965,0.925406757742,0.0494052114664,0.863405289128
470,0.934013582841,0.0420911526119,0.877652717359,0.925336778164,0.0496002339351,0.863309053704
471,0.926470741479,0.0476325364934,0.864478339451,0.925354801118,0.049712249398,0.863371122628
472,0.932710392909,0.043570910985,0.875158695862,0.926613362506,0.0485872651916,0.865461016074
473,0.932852563232,0.0433025807989,0.875351356738,0.925800280645,0.0491912429861,0.864105401561
474,0.932206060549,0.0442094180752,0.874993039502,0.926368856803,0.0487537771987,0.865078058094
475,0.931731670192,0.0442707479151,0.8735589668,0.925830369815,0.0492165992619,0.864179568365
476,0.9308696624,0.0462168821162,0.872582986499,0.925926573575,0.0491823839548,0.864334980026
477,0.931547189602,0.0442095468047,0.873641265161,0.926328757778,0.0487625390233,0.86500084959
478,0.925649110717,0.0495505788824,0.863745806795,0.925902478397,0.0491077468905,0.864288395271
479,0.927086851212,0.048178955922,0.865467426151,0.925861954689,0.0490968134545,0.864184845239
480,0.927586127411,0.0481763571463,0.867060263952,0.925620408729,0.049277335871,0.863773992285
481,0.934227927165,0.0430164073378,0.877980140725,0.924876913428,0.049845528556,0.862534161657
482,0.932025401881,0.0452581547633,0.87398063113,0.92533810623,0.0495909106103,0.863323390484
483,0.924296214725,0.0505551913038,0.86133556655,0.925135780126,0.0497836104187,0.863001931459
484,0.928748589573,0.0464553740252,0.868250992563,0.92507186532,0.0498192023661,0.862908795476
485,0.932211657365,0.0433832002766,0.874083265512,0.924797175452,0.0499919901486,0.862460037693
486,0.935510702807,0.0421308154109,0.880069633927,0.924683347344,0.050083179085,0.86227058433
487,0.935190123741,0.0421820811344,0.879624457672,0.924441937357,0.05026976316,0.861868519336
488,0.928295980198,0.0475544705987,0.867983156985,0.924737619236,0.0499777638761,0.862371807918
489,0.930311025995,0.0449956713263,0.870887376443,0.924477396533,0.0503327752813,0.861960111186
490,0.934555430003,0.0419180361422,0.878200358815,0.924718387425,0.0501021498931,0.862360907719
491,0.931903072078,0.0440084401123,0.873667334667,0.923874298111,0.0507436952321,0.860956421122
492,0.9207285751,0.053951947677,0.856055317202,0.923806868494,0.0508347755822,0.860846102238
493,0.925367169308,0.0510105871304,0.865328515419,0.923288410529,0.0513666102197,0.859984206036
494,0.928936789734,0.046775709499,0.869113646974,0.923796109855,0.0508436539094,0.860823607072
495,0.928889309517,0.0467752283533,0.868813536384,0.923765573651,0.0508441423881,0.860742891207
496,0.93038159669,0.0456292364521,0.871443843601,0.922971615568,0.0516556808434,0.859439007938
497,0.927832297002,0.0479119542629,0.867252155988,0.922653418034,0.051926651824,0.858891958371
498,0.928164879481,0.0475697391525,0.867771143865,0.922514645383,0.0520086166216,0.858653023839
499,0.932091439011,0.044392905659,0.874947865804,0.923050254583,0.0515652616741,0.859554791823
